,ts,height_cov,velocity_cov
0,0.01,0.10820527374744415,0.00048376296763308346
1,0.02,0.10820527374744415,0.0004837549931835383
2,0.03,0.10820527374744415,0.0004837469896301627
