,ts,height,velocity,acceleration
0,40855,0.7418819665908813,-0.0245341993868351,-0.17622224986553192
