,ts,filtered_altitude_AGL,filtered_acceleration
0,40855,0.8032652139663696,0.03174781799316406
