,ts,height_cov,velocity_cov
0,630663,0.10820527374744415,0.00048376296763308346
1,630673,0.10820527374744415,0.0004837549931835383
2,630683,0.10820527374744415,0.0004837469896301627
